{"IcoMoonType":"selection","icons":[{"icon":{"paths":["M320 384h128v128h-128zM512 384h128v128h-128zM704 384h128v128h-128zM128 768h128v128h-128zM320 768h128v128h-128zM512 768h128v128h-128zM320 576h128v128h-128zM512 576h128v128h-128zM704 576h128v128h-128zM128 576h128v128h-128zM832 0v64h-128v-64h-448v64h-128v-64h-128v1024h960v-1024h-128zM896 960h-832v-704h832v704z"],"tags":["calendar","date","schedule","time","day"],"defaultCode":59731,"grid":16,"attrs":[]},"attrs":[],"properties":{"ligatures":"calendar, date","name":"calendar","order":8,"id":84,"prevSize":32,"code":59731},"setIdx":1,"setId":1,"iconIdx":83},{"icon":{"paths":["M576 706.612v-52.78c70.498-39.728 128-138.772 128-237.832 0-159.058 0-288-192-288s-192 128.942-192 288c0 99.060 57.502 198.104 128 237.832v52.78c-217.102 17.748-384 124.42-384 253.388h896c0-128.968-166.898-235.64-384-253.388z"],"tags":["user","profile","avatar","person","member"],"defaultCode":59761,"grid":16,"attrs":[]},"attrs":[],"properties":{"ligatures":"user, profile2","name":"user","order":9,"id":114,"prevSize":32,"code":59761},"setIdx":1,"setId":1,"iconIdx":113},{"icon":{"paths":["M768 640v-128h-320v-128h320v-128l192 192zM704 576v256h-320v192l-384-192v-832h704v320h-64v-256h-512l256 128v576h256v-192z"],"tags":["exit","signout","logout","quit","close"],"defaultCode":59924,"grid":16,"attrs":[]},"attrs":[],"properties":{"ligatures":"exit, signout","name":"exit","order":10,"id":277,"prevSize":32,"code":59924},"setIdx":1,"setId":1,"iconIdx":276}],"height":1024,"metadata":{"name":"icomoon"},"preferences":{"showGlyphs":true,"showQuickUse":true,"showQuickUse2":true,"showSVGs":true,"fontPref":{"prefix":"icon-","metadata":{"fontFamily":"icomoon"},"metrics":{"emSize":1024,"baseline":6.25,"whitespace":50},"embed":false},"imagePref":{"prefix":"icon-","png":true,"useClassSelector":true,"color":0,"bgColor":16777215,"classSelector":".icon","name":"icomoon"},"historySize":50,"showCodes":true,"gridSize":16,"showGrid":false}}